month,rainfall_mm,avg_temp_c,humidity_pct,bed_nets_distributed,malaria_cases
2022-01,19.4,28.4,55.1,781,102
2022-02,33.0,29.6,59.6,880,143
2022-03,81.2,29.3,56.3,887,175
2022-04,131.0,27.9,63.0,800,207
2022-05,174.2,28.1,79.1,833,287
2022-06,210.9,26.6,89.0,923,349
2022-07,201.4,25.5,82.6,901,318
2022-08,207.7,24.8,78.3,894,328
2022-09,149.7,24.9,78.7,854,265
2022-10,148.7,23.9,68.7,955,221
2022-11,83.4,25.9,57.1,1029,181
2022-12,58.5,27.9,59.3,1005,127
2023-01,38.5,27.7,54.2,940,114
2023-02,26.0,29.7,49.7,946,123
2023-03,104.3,29.5,55.4,900,195
2023-04,103.8,28.2,73.9,1136,218
2023-05,172.9,28.4,83.4,1125,294
2023-06,214.3,26.1,87.3,1163,330
2023-07,171.6,25.5,87.4,1015,294
2023-08,224.7,24.3,88.6,1175,326
2023-09,174.6,25.2,77.5,1228,255
2023-10,110.9,25.7,70.1,1125,237
2023-11,104.7,25.6,57.5,1187,180
2023-12,31.2,27.8,53.8,1289,93
2024-01,7.7,28.5,60.5,1283,128
2024-02,40.9,29.0,60.2,1239,151
2024-03,85.1,29.2,66.1,1301,230
2024-04,127.1,28.6,68.5,1285,241
2024-05,160.1,28.3,84.3,1150,260
2024-06,207.6,27.2,83.1,1296,323
2024-07,221.2,25.6,93.7,1361,325
2024-08,200.1,25.0,81.9,1194,296
2024-09,189.7,24.1,76.7,1433,297
2024-10,152.8,24.1,68.6,1373,253
2024-11,96.5,24.3,67.4,1325,216
2024-12,5,27.1,62.7,1421,129
2025-01,42.5,28.2,55.6,1539,154
2025-02,31.3,30.6,53.3,1520,114
2025-03,75.4,29.6,63.9,1522,139
2025-04,86.8,29.3,66.1,1440,158
2025-05,195.4,28.5,82.9,1463,300
2025-06,177.2,27.5,88.5,1484,333
2025-07,236.7,25.8,76.1,1640,305
2025-08,189.0,25.3,83.8,1663,267
2025-09,192.5,25.7,82.8,1581,279
2025-10,142.4,25.2,70.5,1695,224
2025-11,22.0,25.7,55.6,1677,124
2025-12,24.3,27.0,61.2,1650,162
