week_starting,ad_spend_ghs,promotion,avg_temp_c,sales_ghs
2025-01-06,253,no,28.4,5393
2025-01-13,470,no,28.8,7659
2025-01-20,254,yes,27.4,6982
2025-01-27,422,yes,28.2,7689
2025-02-03,212,no,29.9,5613
2025-02-10,242,yes,30.3,7389
2025-02-17,402,no,30.2,6799
2025-02-24,542,no,28.8,7611
2025-03-03,223,no,30.5,6159
2025-03-10,299,yes,30.4,7290
2025-03-17,413,yes,31.6,7975
2025-03-24,378,yes,31.5,7702
2025-03-31,625,yes,30.5,9353
2025-04-07,667,yes,28.2,9565
2025-04-14,363,no,31.2,7284
2025-04-21,306,yes,30.8,7997
2025-04-28,171,no,32.0,6514
2025-05-05,455,yes,29.5,8725
2025-05-12,368,no,29.9,8160
2025-05-19,381,no,29.9,7308
2025-05-26,327,no,30.3,8105
2025-06-02,155,no,29.9,6632
2025-06-09,552,yes,32.5,9444
2025-06-16,418,no,29.0,8561
2025-06-23,352,yes,29.5,8730
2025-06-30,437,no,29.3,7984
2025-07-07,355,no,27.6,7764
2025-07-14,344,no,27.9,7874
2025-07-21,586,no,26.3,8626
2025-07-28,330,no,26.6,7243
2025-08-04,352,yes,26.7,8784
2025-08-11,420,no,26.4,8801
2025-08-18,390,no,27.9,7940
2025-08-25,472,yes,26.6,9656
2025-09-01,305,yes,24.4,8453
2025-09-08,663,no,25.3,9078
2025-09-15,323,yes,25.6,8985
2025-09-22,503,no,25.5,8803
2025-09-29,298,no,25.3,7004
2025-10-06,254,no,26.3,7350
2025-10-13,424,yes,25.0,8634
2025-10-20,422,no,25.3,8620
2025-10-27,290,yes,25.5,9481
2025-11-03,285,no,25.9,7040
2025-11-10,291,yes,26.8,9288
2025-11-17,310,yes,26.6,8637
2025-11-24,317,yes,25.3,9005
2025-12-01,369,yes,28.4,9360
2025-12-08,384,no,25.6,7799
2025-12-15,484,yes,25.7,9883
2025-12-22,381,yes,27.7,9648
2025-12-29,584,no,27.9,8883
